{"binary_models": {"RandomForest": {"confusion_matrix": [[51229, 32], [42, 617687]], "classification_report": {"0": {"precision": 0.9991808234674573, "recall": 0.9993757437428065, "f1-score": 0.9992782740997932, "support": 51261.0}, "1": {"precision": 0.9999481965100636, "recall": 0.9999320090201367, "f1-score": 0.9999401026995876, "support": 617729.0}, "accuracy": 0.9998893854915619, "macro avg": {"precision": 0.9995645099887605, "recall": 0.9996538763814715, "f1-score": 0.9996091883996904, "support": 668990.0}, "weighted avg": {"precision": 0.9998893969621824, "recall": 0.9998893854915619, "f1-score": 0.9998893904380379, "support": 668990.0}}, "feature_importance": {"features": ["ts", "src_port", "dst_port", "proto", "service", "src_bytes", "dst_bytes", "conn_state", "missed_bytes", "src_pkts", "src_ip_bytes", "dns_rcode", "ssl_subject", "ssl_issuer", "http_resp_mime_types", "weird_addl"], "importance": [0.3168184657586694, 0.011925027648534703, 0.022867600527032482, 0.1042770603720532, 0.04509681479087729, 0.031297467979845985, 0.01815970266174395, 0.05771827416828712, 0.000294410108464821, 0.19696298365461867, 0.19318473540737796, 0.0013426601042990087, 4.2035230078326135e-05, 2.1950389657334982e-07, 4.746810359113554e-06, 7.795273861495465e-06]}}}, "multi_models": {"RandomForest": {"confusion_matrix": [[60708, 0, 0], [0, 214, 0], [0, 0, 556807]], "classification_report": {"backdoor": {"precision": 1.0, "recall": 1.0, "f1-score": 1.0, "support": 60708.0}, "mitm": {"precision": 1.0, "recall": 1.0, "f1-score": 1.0, "support": 214.0}, "scanning": {"precision": 1.0, "recall": 1.0, "f1-score": 1.0, "support": 556807.0}, "accuracy": 1.0, "macro avg": {"precision": 1.0, "recall": 1.0, "f1-score": 1.0, "support": 617729.0}, "weighted avg": {"precision": 1.0, "recall": 1.0, "f1-score": 1.0, "support": 617729.0}}, "feature_importance": {"features": ["ts", "src_port", "dst_port", "proto", "service", "src_bytes", "dst_bytes", "conn_state", "missed_bytes", "src_pkts", "src_ip_bytes", "dns_rcode", "ssl_subject", "ssl_issuer", "http_resp_mime_types", "weird_addl"], "importance": [0.5900995454836109, 0.09255286646041269, 0.10201691301131058, 0.00012988258553378216, 0.0003508641608444401, 0.0002808877270438977, 0.00039988319882117233, 0.11732953872392878, 1.2125880507778577e-05, 0.0015129877599317472, 0.09531220760228228, 2.2729257274908748e-06, 1.0500463915238315e-08, 1.3979580583094464e-08, 0.0, 0.0]}}}}