{"binary_models": {"RandomForest": {"confusion_matrix": [[58936, 64], [49, 1009941]], "classification_report": {"0": {"precision": 0.9991692803255064, "recall": 0.9989152542372881, "f1-score": 0.9990422511336187, "support": 59000.0}, "1": {"precision": 0.9999366339770596, "recall": 0.9999514846681651, "f1-score": 0.9999440592674734, "support": 1009990.0}, "accuracy": 0.9998942927436179, "macro avg": {"precision": 0.999552957151283, "recall": 0.9994333694527266, "f1-score": 0.999493155200546, "support": 1068990.0}, "weighted avg": {"precision": 0.9998942819761598, "recall": 0.9998942927436179, "f1-score": 0.9998942864165605, "support": 1068990.0}}, "feature_importance": {"features": ["ts", "src_port", "dst_port", "proto", "service", "src_bytes", "dst_bytes", "conn_state", "missed_bytes", "src_pkts", "src_ip_bytes", "dns_rcode", "ssl_subject", "ssl_issuer", "weird_addl"], "importance": [0.2867042896670683, 0.019337933788095295, 0.04985323579263527, 0.13712308251560876, 0.049355428747010766, 0.03371342240230168, 0.04703973900583251, 0.045340998606141734, 0.00041710984322407155, 0.14220862659838762, 0.17315026142581544, 0.015345180156625098, 0.00029038460161698564, 4.7046720525416666e-07, 0.00011983638243122798]}}}, "multi_models": {"RandomForest": {"confusion_matrix": [[61326, 0, 0, 0], [0, 193719, 0, 0], [0, 0, 207, 0], [0, 0, 0, 754738]], "classification_report": {"backdoor": {"precision": 1.0, "recall": 1.0, "f1-score": 1.0, "support": 61326.0}, "ddos": {"precision": 1.0, "recall": 1.0, "f1-score": 1.0, "support": 193719.0}, "mitm": {"precision": 1.0, "recall": 1.0, "f1-score": 1.0, "support": 207.0}, "scanning": {"precision": 1.0, "recall": 1.0, "f1-score": 1.0, "support": 754738.0}, "accuracy": 1.0, "macro avg": {"precision": 1.0, "recall": 1.0, "f1-score": 1.0, "support": 1009990.0}, "weighted avg": {"precision": 1.0, "recall": 1.0, "f1-score": 1.0, "support": 1009990.0}}, "feature_importance": {"features": ["ts", "src_port", "dst_port", "proto", "service", "src_bytes", "dst_bytes", "conn_state", "missed_bytes", "src_pkts", "src_ip_bytes", "dns_rcode", "ssl_subject", "ssl_issuer", "weird_addl"], "importance": [0.37844723326782853, 0.02150987953374672, 0.06866340680947514, 0.0008200083780930358, 0.0014397826119275316, 0.00421265016094759, 0.003926818853775518, 0.2385034793428243, 0.0003364441926752838, 0.10874441118877042, 0.17186494955961473, 0.0015222137653872674, 1.1046787473442904e-06, 7.584022487264788e-06, 3.363369933355337e-08]}}}}